{"GPA": 0.37324903301202067, "SAT": 0.1486219889897184, "TOEFL": 0.10248585738270238, "AP_5_Count": 0.11299674361617486, "Course_Difficulty": 0.2626463769993838}